"id","employee_id","employee_code","basic_pay","from_date","to_date","file_no","order_no","order_date","remarks","created_at","updated_at"
"1","1","0233","1468096.00","2025-12-11",NULL,NULL,NULL,NULL,"Initial Import","2025-12-11 18:55:32+05:30","2025-12-11 18:55:32+05:30"
"2","2","0350","180000.00","2025-12-11",NULL,NULL,NULL,NULL,"Initial Import","2025-12-11 18:55:32+05:30","2025-12-11 18:55:32+05:30"
"3","3","0099","143883.00","2025-12-11",NULL,NULL,NULL,NULL,"Initial Import","2025-12-11 18:55:32+05:30","2025-12-11 18:55:32+05:30"
"4","4","0190","138709.00","2025-12-11",NULL,NULL,NULL,NULL,"Initial Import","2025-12-11 18:55:32+05:30","2025-12-11 18:55:32+05:30"
"5","5","9121","1.00","2025-12-11",NULL,NULL,NULL,NULL,"Initial Import","2025-12-11 18:55:32+05:30","2025-12-11 18:55:32+05:30"
"6","6","0260","92658.00","2025-12-11",NULL,NULL,NULL,NULL,"Initial Import","2025-12-11 18:55:32+05:30","2025-12-11 18:55:32+05:30"
"7","7","0212","97070.00","2025-12-11",NULL,NULL,NULL,NULL,"Initial Import","2025-12-11 18:55:32+05:30","2025-12-11 18:55:32+05:30"
"8","8","0206","106774.00","2025-12-11",NULL,NULL,NULL,NULL,"Initial Import","2025-12-11 18:55:32+05:30","2025-12-11 18:55:32+05:30"
"9","9","0205","96739.00","2025-12-11",NULL,NULL,NULL,NULL,"Initial Import","2025-12-11 18:55:32+05:30","2025-12-11 18:55:32+05:30"
"10","10","0222","86708.00","2025-12-11",NULL,NULL,NULL,NULL,"Initial Import","2025-12-11 18:55:32+05:30","2025-12-11 18:55:32+05:30"
"11","11","0157","84682.00","2025-12-11",NULL,NULL,NULL,NULL,"Initial Import","2025-12-11 18:55:32+05:30","2025-12-11 18:55:32+05:30"
"12","12","0229","55393.00","2025-12-11",NULL,NULL,NULL,NULL,"Initial Import","2025-12-11 18:55:32+05:30","2025-12-11 18:55:32+05:30"
"13","13","0287","64203.00","2025-12-11",NULL,NULL,NULL,NULL,"Initial Import","2025-12-11 18:55:32+05:30","2025-12-11 18:55:32+05:30"
"14","14","0112","65450.00","2025-12-11",NULL,NULL,NULL,NULL,"Initial Import","2025-12-11 18:55:32+05:30","2025-12-11 18:55:32+05:30"
"15","15","0084","76251.00","2025-12-11",NULL,NULL,NULL,NULL,"Initial Import","2025-12-11 18:55:32+05:30","2025-12-11 18:55:32+05:30"
"16","16","0249","44952.00","2025-12-11",NULL,NULL,NULL,NULL,"Initial Import","2025-12-11 18:55:32+05:30","2025-12-11 18:55:32+05:30"
"17","17","0288","42212.00","2025-12-11",NULL,NULL,NULL,NULL,"Initial Import","2025-12-11 18:55:32+05:30","2025-12-11 18:55:32+05:30"
"18","18","0250","41640.00","2025-12-11",NULL,NULL,NULL,NULL,"Initial Import","2025-12-11 18:55:32+05:30","2025-12-11 18:55:32+05:30"
"19","19","0186","61383.00","2025-12-11",NULL,NULL,NULL,NULL,"Initial Import","2025-12-11 18:55:32+05:30","2025-12-11 18:55:32+05:30"
"20","20","0322","21648.00","2025-12-11",NULL,NULL,NULL,NULL,"Initial Import","2025-12-11 18:55:32+05:30","2025-12-11 18:55:32+05:30"
"21","21","0273","43241.00","2025-12-11",NULL,NULL,NULL,NULL,"Initial Import","2025-12-11 18:55:32+05:30","2025-12-11 18:55:32+05:30"
"22","22","0302","14236.00","2025-12-11",NULL,NULL,NULL,NULL,"Initial Import","2025-12-11 18:55:32+05:30","2025-12-11 18:55:32+05:30"
"23","23","0301","24108.00","2025-12-11",NULL,NULL,NULL,NULL,"Initial Import","2025-12-11 18:55:32+05:30","2025-12-11 18:55:32+05:30"
"24","24","0290","32472.00","2025-12-11",NULL,NULL,NULL,NULL,"Initial Import","2025-12-11 18:55:33+05:30","2025-12-11 18:55:33+05:30"
"25","25","0271","18647.00","2025-12-11",NULL,NULL,NULL,NULL,"Initial Import","2025-12-11 18:55:33+05:30","2025-12-11 18:55:33+05:30"
"26","26","0349","16979.00","2025-12-11",NULL,NULL,NULL,NULL,"Initial Import","2025-12-11 18:55:33+05:30","2025-12-11 18:55:33+05:30"
"27","27","0291","28651.00","2025-12-11",NULL,NULL,NULL,NULL,"Initial Import","2025-12-11 18:55:33+05:30","2025-12-11 18:55:33+05:30"
"28","28","0256","40544.00","2025-12-11",NULL,NULL,NULL,NULL,"Initial Import","2025-12-11 18:55:33+05:30","2025-12-11 18:55:33+05:30"
"29","29","0243","36349.00","2025-12-11",NULL,NULL,NULL,NULL,"Initial Import","2025-12-11 18:55:33+05:30","2025-12-11 18:55:33+05:30"
"30","30","0346","16979.00","2025-12-11",NULL,NULL,NULL,NULL,"Initial Import","2025-12-11 18:55:33+05:30","2025-12-11 18:55:33+05:30"
"31","31","0279","14512.00","2025-12-11",NULL,NULL,NULL,NULL,"Initial Import","2025-12-11 18:55:33+05:30","2025-12-11 18:55:33+05:30"
"32","32","0332","24525.00","2025-12-11",NULL,NULL,NULL,NULL,"Initial Import","2025-12-11 18:55:33+05:30","2025-12-11 18:55:33+05:30"
"33","33","0239","26870.00","2025-12-11",NULL,NULL,NULL,NULL,"Initial Import","2025-12-11 18:55:33+05:30","2025-12-11 18:55:33+05:30"
"34","34","0278","14512.00","2025-12-11",NULL,NULL,NULL,NULL,"Initial Import","2025-12-11 18:55:33+05:30","2025-12-11 18:55:33+05:30"
"35","35","0282","11855.00","2025-12-11",NULL,NULL,NULL,NULL,"Initial Import","2025-12-11 18:55:34+05:30","2025-12-11 18:55:34+05:30"
"36","36","0238","15918.00","2025-12-11",NULL,NULL,NULL,NULL,"Initial Import","2025-12-11 18:55:34+05:30","2025-12-11 18:55:34+05:30"
"37","37","0311","36101.00","2025-12-11",NULL,NULL,NULL,NULL,"Initial Import","2025-12-11 18:55:34+05:30","2025-12-11 18:55:34+05:30"
"38","38","0223","20718.00","2025-12-11",NULL,NULL,NULL,NULL,"Initial Import","2025-12-11 18:55:34+05:30","2025-12-11 18:55:34+05:30"
"39","39","0285","24108.00","2025-12-11",NULL,NULL,NULL,NULL,"Initial Import","2025-12-11 18:55:34+05:30","2025-12-11 18:55:34+05:30"
"40","40","0130","56625.00","2025-12-11",NULL,NULL,NULL,NULL,"Initial Import","2025-12-11 18:55:34+05:30","2025-12-11 18:55:34+05:30"
"41","41","0352","9900.00","2025-12-11",NULL,NULL,NULL,NULL,"Initial Import","2025-12-11 18:55:34+05:30","2025-12-11 18:55:34+05:30"
"42","42","0257","34890.00","2025-12-11",NULL,NULL,NULL,NULL,"Initial Import","2025-12-11 18:55:34+05:30","2025-12-11 18:55:34+05:30"
"43","43","0348","16979.00","2025-12-11",NULL,NULL,NULL,NULL,"Initial Import","2025-12-11 18:55:34+05:30","2025-12-11 18:55:34+05:30"
"44","44","0318","20831.00","2025-12-11",NULL,NULL,NULL,NULL,"Initial Import","2025-12-11 18:55:34+05:30","2025-12-11 18:55:34+05:30"
"45","45","0295","28106.00","2025-12-11",NULL,NULL,NULL,NULL,"Initial Import","2025-12-11 18:55:34+05:30","2025-12-11 18:55:34+05:30"
"46","46","9119","1.00","2025-12-11",NULL,NULL,NULL,NULL,"Initial Import","2025-12-11 18:55:34+05:30","2025-12-11 18:55:34+05:30"
"47","47","0225","61417.00","2025-12-11",NULL,NULL,NULL,NULL,"Initial Import","2025-12-11 18:55:34+05:30","2025-12-11 18:55:34+05:30"
"48","48","0272","12989.00","2025-12-11",NULL,NULL,NULL,NULL,"Initial Import","2025-12-11 18:55:34+05:30","2025-12-11 18:55:34+05:30"
"49","49","0218","42904.00","2025-12-11",NULL,NULL,NULL,NULL,"Initial Import","2025-12-11 18:55:34+05:30","2025-12-11 18:55:34+05:30"
"50","50","0252","15281.00","2025-12-11",NULL,NULL,NULL,NULL,"Initial Import","2025-12-11 18:55:34+05:30","2025-12-11 18:55:34+05:30"
"51","51","0253","12991.00","2025-12-11",NULL,NULL,NULL,NULL,"Initial Import","2025-12-11 18:55:34+05:30","2025-12-11 18:55:34+05:30"
"52","52","9118","1.00","2025-12-11",NULL,NULL,NULL,NULL,"Initial Import","2025-12-11 18:55:34+05:30","2025-12-11 18:55:34+05:30"
"53","53","0337","21830.00","2025-12-11",NULL,NULL,NULL,NULL,"Initial Import","2025-12-11 18:55:34+05:30","2025-12-11 18:55:34+05:30"
"54","54","0270","31143.00","2025-12-11",NULL,NULL,NULL,NULL,"Initial Import","2025-12-11 18:55:34+05:30","2025-12-11 18:55:34+05:30"
"55","55","0341","14644.00","2025-12-11",NULL,NULL,NULL,NULL,"Initial Import","2025-12-11 18:55:34+05:30","2025-12-11 18:55:34+05:30"
"56","56","0242","16551.00","2025-12-11",NULL,NULL,NULL,NULL,"Initial Import","2025-12-11 18:55:34+05:30","2025-12-11 18:55:34+05:30"
"57","57","0221","22345.00","2025-12-11",NULL,NULL,NULL,NULL,"Initial Import","2025-12-11 18:55:34+05:30","2025-12-11 18:55:34+05:30"
"58","58","0323","12861.00","2025-12-11",NULL,NULL,NULL,NULL,"Initial Import","2025-12-11 18:55:34+05:30","2025-12-11 18:55:34+05:30"
"59","59","0251","45808.00","2025-12-11",NULL,NULL,NULL,NULL,"Initial Import","2025-12-11 18:55:34+05:30","2025-12-11 18:55:34+05:30"
"60","60","0164","32759.00","2025-12-11",NULL,NULL,NULL,NULL,"Initial Import","2025-12-11 18:55:34+05:30","2025-12-11 18:55:34+05:30"
"61","61","0115","64072.00","2025-12-11",NULL,NULL,NULL,NULL,"Initial Import","2025-12-11 18:55:34+05:30","2025-12-11 18:55:34+05:30"
"62","62","0345","13098.00","2025-12-11",NULL,NULL,NULL,NULL,"Initial Import","2025-12-11 18:55:34+05:30","2025-12-11 18:55:34+05:30"
"63","63","0333","13761.00","2025-12-11",NULL,NULL,NULL,NULL,"Initial Import","2025-12-11 18:55:34+05:30","2025-12-11 18:55:34+05:30"
"64","64","0310","13990.00","2025-12-11",NULL,NULL,NULL,NULL,"Initial Import","2025-12-11 18:55:35+05:30","2025-12-11 18:55:35+05:30"
"65","65","0104","40785.00","2025-12-11",NULL,NULL,NULL,NULL,"Initial Import","2025-12-11 18:55:35+05:30","2025-12-11 18:55:35+05:30"
"66","66","0292","23604.00","2025-12-11",NULL,NULL,NULL,NULL,"Initial Import","2025-12-11 18:55:35+05:30","2025-12-11 18:55:35+05:30"
"67","67","0328","15615.00","2025-12-11",NULL,NULL,NULL,NULL,"Initial Import","2025-12-11 18:55:35+05:30","2025-12-11 18:55:35+05:30"
"68","68","0277","20114.00","2025-12-11",NULL,NULL,NULL,NULL,"Initial Import","2025-12-11 18:55:35+05:30","2025-12-11 18:55:35+05:30"
"69","69","0276","29980.00","2025-12-11",NULL,NULL,NULL,NULL,"Initial Import","2025-12-11 18:55:35+05:30","2025-12-11 18:55:35+05:30"
"70","70","0340","7656.00","2025-12-11",NULL,NULL,NULL,NULL,"Initial Import","2025-12-11 18:55:35+05:30","2025-12-11 18:55:35+05:30"
"71","71","0284","17764.00","2025-12-11",NULL,NULL,NULL,NULL,"Initial Import","2025-12-11 18:55:35+05:30","2025-12-11 18:55:35+05:30"
"72","72","0334","7886.00","2025-12-11",NULL,NULL,NULL,NULL,"Initial Import","2025-12-11 18:55:35+05:30","2025-12-11 18:55:35+05:30"
"73","73","0268","32700.00","2025-12-11",NULL,NULL,NULL,NULL,"Initial Import","2025-12-11 18:55:35+05:30","2025-12-11 18:55:35+05:30"
"74","74","0316","8584.00","2025-12-11",NULL,NULL,NULL,NULL,"Initial Import","2025-12-11 18:55:35+05:30","2025-12-11 18:55:35+05:30"
"75","75","0299","10696.00","2025-12-11",NULL,NULL,NULL,NULL,"Initial Import","2025-12-11 18:55:35+05:30","2025-12-11 18:55:35+05:30"
"76","76","0336","7656.00","2025-12-11",NULL,NULL,NULL,NULL,"Initial Import","2025-12-11 18:55:35+05:30","2025-12-11 18:55:35+05:30"
"77","77","0264","17487.00","2025-12-11",NULL,NULL,NULL,NULL,"Initial Import","2025-12-11 18:55:35+05:30","2025-12-11 18:55:35+05:30"
"78","78","0294","26232.00","2025-12-11",NULL,NULL,NULL,NULL,"Initial Import","2025-12-11 18:55:35+05:30","2025-12-11 18:55:35+05:30"
"79","79","0160","51812.00","2025-12-11",NULL,NULL,NULL,NULL,"Initial Import","2025-12-11 18:55:35+05:30","2025-12-11 18:55:35+05:30"
"80","80","0343","9479.00","2025-12-11",NULL,NULL,NULL,NULL,"Initial Import","2025-12-11 18:55:35+05:30","2025-12-11 18:55:35+05:30"
"81","81","0228","47429.00","2025-12-11",NULL,NULL,NULL,NULL,"Initial Import","2025-12-11 18:55:35+05:30","2025-12-11 18:55:35+05:30"
"82","82","0319","21648.00","2025-12-11",NULL,NULL,NULL,NULL,"Initial Import","2025-12-11 18:55:35+05:30","2025-12-11 18:55:35+05:30"
"83","83","0266","34605.00","2025-12-11",NULL,NULL,NULL,NULL,"Initial Import","2025-12-11 18:55:35+05:30","2025-12-11 18:55:35+05:30"
"84","84","0162","47052.00","2025-12-11",NULL,NULL,NULL,NULL,"Initial Import","2025-12-11 18:55:35+05:30","2025-12-11 18:55:35+05:30"
"85","85","0219","24699.00","2025-12-11",NULL,NULL,NULL,NULL,"Initial Import","2025-12-11 18:55:36+05:30","2025-12-11 18:55:36+05:30"
"86","86","0335","9214.00","2025-12-11",NULL,NULL,NULL,NULL,"Initial Import","2025-12-11 18:55:36+05:30","2025-12-11 18:55:36+05:30"
"87","87","0342","30816.00","2025-12-11",NULL,NULL,NULL,NULL,"Initial Import","2025-12-11 18:55:36+05:30","2025-12-11 18:55:36+05:30"
"88","88","0226","24335.00","2025-12-11",NULL,NULL,NULL,NULL,"Initial Import","2025-12-11 18:55:36+05:30","2025-12-11 18:55:36+05:30"
"89","89","0313","8250.00","2025-12-11",NULL,NULL,NULL,NULL,"Initial Import","2025-12-11 18:55:36+05:30","2025-12-11 18:55:36+05:30"
"90","90","0281","13990.00","2025-12-11",NULL,NULL,NULL,NULL,"Initial Import","2025-12-11 18:55:36+05:30","2025-12-11 18:55:36+05:30"
"91","91","0317","22288.00","2025-12-11",NULL,NULL,NULL,NULL,"Initial Import","2025-12-11 18:55:36+05:30","2025-12-11 18:55:36+05:30"
"92","92","0300","44564.00","2025-12-11",NULL,NULL,NULL,NULL,"Initial Import","2025-12-11 18:55:36+05:30","2025-12-11 18:55:36+05:30"
"93","93","0304","24108.00","2025-12-11",NULL,NULL,NULL,NULL,"Initial Import","2025-12-11 18:55:36+05:30","2025-12-11 18:55:36+05:30"
"94","94","0306","15615.00","2025-12-11",NULL,NULL,NULL,NULL,"Initial Import","2025-12-11 18:55:36+05:30","2025-12-11 18:55:36+05:30"
"95","95","0274","17757.00","2025-12-11",NULL,NULL,NULL,NULL,"Initial Import","2025-12-11 18:55:36+05:30","2025-12-11 18:55:36+05:30"
"96","96","0315","9303.00","2025-12-11",NULL,NULL,NULL,NULL,"Initial Import","2025-12-11 18:55:36+05:30","2025-12-11 18:55:36+05:30"
"97","97","0241","15026.00","2025-12-11",NULL,NULL,NULL,NULL,"Initial Import","2025-12-11 18:55:36+05:30","2025-12-11 18:55:36+05:30"
"98","98","0214","73644.00","2025-12-11",NULL,NULL,NULL,NULL,"Initial Import","2025-12-11 18:55:36+05:30","2025-12-11 18:55:36+05:30"
"99","99","0330","9732.00","2025-12-11",NULL,NULL,NULL,NULL,"Initial Import","2025-12-11 18:55:36+05:30","2025-12-11 18:55:36+05:30"
"100","100","0351","9900.00","2025-12-11",NULL,NULL,NULL,NULL,"Initial Import","2025-12-11 18:55:36+05:30","2025-12-11 18:55:36+05:30"
"101","101","0213","17606.00","2025-12-11",NULL,NULL,NULL,NULL,"Initial Import","2025-12-11 18:55:36+05:30","2025-12-11 18:55:36+05:30"
"102","102","9123","43533.00","2025-12-11",NULL,NULL,NULL,NULL,"Initial Import","2025-12-11 18:55:36+05:30","2025-12-11 18:55:36+05:30"
"103","103","0283","11712.00","2025-12-11",NULL,NULL,NULL,NULL,"Initial Import","2025-12-11 18:55:36+05:30","2025-12-11 18:55:36+05:30"
"104","104","0156","81003.00","2025-12-11",NULL,NULL,NULL,NULL,"Initial Import","2025-12-11 18:55:36+05:30","2025-12-11 18:55:36+05:30"
"105","105","0308","14534.00","2025-12-11",NULL,NULL,NULL,NULL,"Initial Import","2025-12-11 18:55:36+05:30","2025-12-11 18:55:36+05:30"
"106","106","0196","31421.00","2025-12-11",NULL,NULL,NULL,NULL,"Initial Import","2025-12-11 18:55:36+05:30","2025-12-11 18:55:36+05:30"
"107","107","0347","16979.00","2025-12-11",NULL,NULL,NULL,NULL,"Initial Import","2025-12-11 18:55:36+05:30","2025-12-11 18:55:36+05:30"
"108","108","0327","20567.00","2025-12-11",NULL,NULL,NULL,NULL,"Initial Import","2025-12-11 18:55:36+05:30","2025-12-11 18:55:36+05:30"
"109","109","0297","28651.00","2025-12-11",NULL,NULL,NULL,NULL,"Initial Import","2025-12-11 18:55:36+05:30","2025-12-11 18:55:36+05:30"
"110","110","0265","17827.00","2025-12-11",NULL,NULL,NULL,NULL,"Initial Import","2025-12-11 18:55:36+05:30","2025-12-11 18:55:36+05:30"
"111","111","0123","78285.00","2025-12-11",NULL,NULL,NULL,NULL,"Initial Import","2025-12-11 18:55:37+05:30","2025-12-11 18:55:37+05:30"
"112","112","0321","11715.00","2025-12-11",NULL,NULL,NULL,NULL,"Initial Import","2025-12-11 18:55:37+05:30","2025-12-11 18:55:37+05:30"
"113","113","0153","75077.00","2025-12-11",NULL,NULL,NULL,NULL,"Initial Import","2025-12-11 18:55:37+05:30","2025-12-11 18:55:37+05:30"
"114","114","9115","1.00","2025-12-11",NULL,NULL,NULL,NULL,"Initial Import","2025-12-11 18:55:37+05:30","2025-12-11 18:55:37+05:30"
"115","115","0331","8023.00","2025-12-11",NULL,NULL,NULL,NULL,"Initial Import","2025-12-11 18:55:37+05:30","2025-12-11 18:55:37+05:30"
"116","116","0159","34037.00","2025-12-11",NULL,NULL,NULL,NULL,"Initial Import","2025-12-11 18:55:37+05:30","2025-12-11 18:55:37+05:30"
"117","117","0329","14209.00","2025-12-11",NULL,NULL,NULL,NULL,"Initial Import","2025-12-11 18:55:37+05:30","2025-12-11 18:55:37+05:30"
"118","118","0230","30052.00","2025-12-11",NULL,NULL,NULL,NULL,"Initial Import","2025-12-11 18:55:37+05:30","2025-12-11 18:55:37+05:30"
"119","119","0184","39513.00","2025-12-11",NULL,NULL,NULL,NULL,"Initial Import","2025-12-11 18:55:37+05:30","2025-12-11 18:55:37+05:30"
"120","120","0289","42431.00","2025-12-11",NULL,NULL,NULL,NULL,"Initial Import","2025-12-11 18:55:37+05:30","2025-12-11 18:55:37+05:30"
"121","121","0338","7371.00","2025-12-11",NULL,NULL,NULL,NULL,"Initial Import","2025-12-11 18:55:37+05:30","2025-12-11 18:55:37+05:30"
"122","122","0262","15281.00","2025-12-11",NULL,NULL,NULL,NULL,"Initial Import","2025-12-11 18:55:38+05:30","2025-12-11 18:55:38+05:30"
"123","123","0298","28651.00","2025-12-11",NULL,NULL,NULL,NULL,"Initial Import","2025-12-11 18:55:38+05:30","2025-12-11 18:55:38+05:30"
"124","124","0339","14644.00","2025-12-11",NULL,NULL,NULL,NULL,"Initial Import","2025-12-11 18:55:38+05:30","2025-12-11 18:55:38+05:30"
