"role_id","model_type","model_id"
"1","App\Models\User","1"
"2","App\Models\User","1"
"2","App\Models\User","2"
"2","App\Models\User","3"
"2","App\Models\User","4"
"2","App\Models\User","5"
"2","App\Models\User","6"
"2","App\Models\User","7"
"2","App\Models\User","8"
"2","App\Models\User","9"
"2","App\Models\User","10"
"2","App\Models\User","11"
"2","App\Models\User","12"
"2","App\Models\User","13"
"2","App\Models\User","14"
"2","App\Models\User","15"
"2","App\Models\User","16"
"2","App\Models\User","17"
"2","App\Models\User","18"
"2","App\Models\User","19"
"2","App\Models\User","20"
"2","App\Models\User","21"
"2","App\Models\User","22"
"2","App\Models\User","23"
"2","App\Models\User","24"
"2","App\Models\User","25"
"2","App\Models\User","26"
"2","App\Models\User","27"
"2","App\Models\User","28"
"2","App\Models\User","29"
"2","App\Models\User","30"
"2","App\Models\User","31"
"2","App\Models\User","32"
"2","App\Models\User","33"
"2","App\Models\User","34"
"2","App\Models\User","35"
"2","App\Models\User","36"
"2","App\Models\User","37"
"2","App\Models\User","38"
"2","App\Models\User","39"
"2","App\Models\User","40"
"2","App\Models\User","41"
"2","App\Models\User","42"
"2","App\Models\User","43"
"2","App\Models\User","44"
"2","App\Models\User","45"
"2","App\Models\User","46"
"2","App\Models\User","47"
"2","App\Models\User","48"
"2","App\Models\User","49"
"2","App\Models\User","50"
"2","App\Models\User","51"
"2","App\Models\User","52"
"2","App\Models\User","53"
"2","App\Models\User","54"
"2","App\Models\User","55"
"2","App\Models\User","56"
"2","App\Models\User","57"
"2","App\Models\User","58"
"2","App\Models\User","59"
"2","App\Models\User","60"
"2","App\Models\User","61"
"2","App\Models\User","62"
"2","App\Models\User","63"
"2","App\Models\User","64"
"2","App\Models\User","65"
"2","App\Models\User","66"
"2","App\Models\User","67"
"2","App\Models\User","68"
"2","App\Models\User","69"
"2","App\Models\User","70"
"2","App\Models\User","71"
"2","App\Models\User","72"
"2","App\Models\User","73"
"2","App\Models\User","74"
"2","App\Models\User","75"
"2","App\Models\User","76"
"2","App\Models\User","77"
"2","App\Models\User","78"
"2","App\Models\User","79"
"2","App\Models\User","80"
"2","App\Models\User","81"
"2","App\Models\User","82"
"2","App\Models\User","83"
"2","App\Models\User","84"
"2","App\Models\User","85"
"2","App\Models\User","86"
"2","App\Models\User","87"
"2","App\Models\User","88"
"2","App\Models\User","89"
"2","App\Models\User","90"
"2","App\Models\User","91"
"2","App\Models\User","92"
"2","App\Models\User","93"
"2","App\Models\User","94"
"2","App\Models\User","95"
"2","App\Models\User","96"
"2","App\Models\User","97"
"2","App\Models\User","98"
"2","App\Models\User","99"
"2","App\Models\User","100"
"2","App\Models\User","101"
"2","App\Models\User","102"
"2","App\Models\User","103"
"2","App\Models\User","104"
"2","App\Models\User","105"
"2","App\Models\User","106"
"2","App\Models\User","107"
"2","App\Models\User","108"
"2","App\Models\User","109"
"2","App\Models\User","110"
"2","App\Models\User","111"
"2","App\Models\User","112"
"2","App\Models\User","113"
"2","App\Models\User","114"
"2","App\Models\User","115"
"2","App\Models\User","116"
"2","App\Models\User","117"
"2","App\Models\User","118"
"2","App\Models\User","119"
"2","App\Models\User","120"
"2","App\Models\User","121"
"2","App\Models\User","122"
"2","App\Models\User","123"
"2","App\Models\User","124"
"2","App\Models\User","125"
"3","App\Models\User","4"
"4","App\Models\User","108"
"5","App\Models\User","77"
"6","App\Models\User","2"
"6","App\Models\User","26"
"6","App\Models\User","60"
"6","App\Models\User","62"
"6","App\Models\User","64"
"6","App\Models\User","69"
"6","App\Models\User","70"
"6","App\Models\User","109"
"7","App\Models\User","6"
"7","App\Models\User","7"
"7","App\Models\User","22"
"7","App\Models\User","37"
"7","App\Models\User","41"
"7","App\Models\User","42"
"7","App\Models\User","73"
"7","App\Models\User","75"
"7","App\Models\User","80"
"7","App\Models\User","98"
"7","App\Models\User","110"
"7","App\Models\User","120"
"8","App\Models\User","16"
"8","App\Models\User","38"
"8","App\Models\User","85"
"8","App\Models\User","114"
"9","App\Models\User","28"
"9","App\Models\User","36"
"9","App\Models\User","55"
"9","App\Models\User","87"
